STOP_NAME;STOP_LAT;STOP_LON;COORDINATE
S Adlershof (Berlin);52.435102000000;13.540553000000;01010000004C361E6CB1374A406682E15CC3142B40
S Ahrensfelde Bhf (Berlin);52.571564000000;13.566118000000;010100000015C9570229494A40965AEF37DA212B40
S Alt-Reinickendorf (Berlin);52.577969000000;13.349747000000;0101000000098D60E3FA494A408CBFED0912B32A40
S Altglienicke (Berlin);52.407791000000;13.559602000000;0101000000344DD87E32344A40698D4127841E2B40
S Anhalter Bahnhof (Berlin);52.504538000000;13.382077000000;01010000006CCB80B394404A408B1BB7989FC32A40
S Attilastr. (Berlin);52.447298000000;13.361177000000;01010000007AC8940F41394A4081221631ECB82A40
S Baumschulenweg (Berlin);52.467581000000;13.489505000000;0101000000919DB7B1D93B4A40FB743C66A0FA2A40
S Bellevue (Berlin);52.519951000000;13.347098000000;0101000000E1421EC18D424A4097033DD4B6B12A40
S Betriebsbahnhof Rummelsburg (Berlin);52.493957000000;13.497509000000;0101000000AD50A4FB393F4A406CEEE87FB9FE2A40
S Betriebsbahnhof Schoeneweide (Berlin);52.446695000000;13.524028000000;0101000000B324404D2D394A406760E4654D0C2B40
S Beusselstr. (Berlin);52.534314000000;13.328703000000;0101000000C1E5B16664444A40B63176C24BA82A40
S Biesdorf (Berlin);52.513059000000;13.555035000000;010100000090F5D4EAAB414A404E452A8C2D1C2B40
S Blankenburg (Berlin);52.591069000000;13.442972000000;0101000000F7562426A84B4A406116DA39CDE22A40
S Bornholmer Str. (Berlin);52.554763000000;13.397841000000;0101000000F303577902474A401004C8D0B1CB2A40
S Botanischer Garten (Berlin);52.447552000000;13.306041000000;010100000034A1496249394A406478EC67B19C2A40
S Buch (Berlin);52.636614000000;13.492452000000;01010000007F164B917C514A4018B325AB22FC2A40
S Buckower Chaussee (Berlin);52.410919000000;13.382689000000;01010000000B2769FE98344A40F01307D0EFC32A40
S Charlottenburg Bhf (Berlin);52.504805000000;13.303843000000;0101000000BBED42739D404A40B03C484F919B2A40
S Eichborndamm (Berlin);52.577545000000;13.315583000000;0101000000F27B9BFEEC494A40DE58501894A12A40
S Feuerbachstr. (Berlin);52.463578000000;13.332412000000;010100000092921E86563B4A408D98D9E731AA2A40
S Flughafen Berlin-Schoenefeld Bhf;52.390792000000;13.513522000000;0101000000EBC4E57805324A40938D075BEC062B40
S Friedenau (Berlin);52.470002000000;13.340598000000;0101000000FD868906293C4A40802A6EDC62AE2A40
S Friedrichsfelde Ost (Berlin);52.513747000000;13.520043000000;010100000085B53176C2414A4007077B13430A2B40
S Friedrichshagen (Berlin);52.457090000000;13.625462000000;010100000011AAD4EC813A4A4011C8258E3C402B40
S Frohnau (Berlin);52.632958000000;13.289564000000;0101000000ECDE8AC404514A40A9328CBB41942A40
S Gehrenseestr. (Berlin);52.555736000000;13.525653000000;0101000000DD9A745B22474A40AD16D863220D2B40
S Greifswalder Str. (Berlin);52.540724000000;13.438356000000;0101000000C614AC7136454A40C102983270E02A40
S Grunewald (Berlin);52.488680000000;13.261944000000;0101000000CA1AF5108D3E4A4050C422861D862A40
S Gruenau (Berlin);52.412714000000;13.574018000000;0101000000F94CF6CFD3344A4073A1F2AFE5252B40
S Gruenbergallee (Berlin);52.399539000000;13.543222000000;0101000000FF3C0D1824334A4078EFA83121162B40
S Hackescher Markt (Berlin);52.522607000000;13.402358000000;010100000091D442C9E4424A40649126DE01CE2A40
S Halensee (Berlin);52.496698000000;13.290151000000;01010000008BFED0CC933F4A40ABCDFFAB8E942A40
S Heerstr. (Berlin);52.508273000000;13.258514000000;01010000004C38F4160F414A40C51D6FF25B842A40
S Heiligensee (Berlin);52.625148000000;13.228667000000;0101000000759483D904504A404F594DD713752A40
S Hennigsdorf (Berlin);52.637867000000;13.205874000000;01010000004C1938A0A5514A408331225168692A40
S Hermsdorf (Berlin);52.618165000000;13.306804000000;01010000001344DD07204F4A406090F469159D2A40
S Hirschgarten (Berlin);52.457903000000;13.601480000000;0101000000C2DEC4909C3A4A406B65C22FF5332B40
S Hohenschoenhausen Bhf (Berlin);52.566549000000;13.513698000000;01010000006F4A79AD84484A408D0A9C6C03072B40
S Hohenzollerndamm (Berlin);52.488337000000;13.300714000000;0101000000A036AAD3813E4A4010E6762FF7992A40
S Humboldthain (Berlin);52.544738000000;13.378730000000;0101000000B9718BF9B9454A40350708E6E8C12A40
S Julius-Leber-Bruecke (Berlin);52.486263000000;13.360775000000;01010000009F20B1DD3D3E4A40C66D3480B7B82A40
S Karlshorst (Berlin);52.481038000000;13.525981000000;01010000000E1137A7923D4A407FA2B2614D0D2B40
S Karow Bhf (Berlin);52.615755000000;13.470081000000;01010000009BAC510FD14E4A4024F1F274AEF02A40
S Kaulsdorf (Berlin);52.512122000000;13.589030000000;0101000000F3C7B4368D414A40CBB91457952D2B40
S Koellnische Heide (Berlin);52.469168000000;13.467529000000;0101000000352A70B20D3C4A40F9DC09F65FEF2A40
S Koepenick (Berlin);52.458692000000;13.579543000000;0101000000EA77616BB63A4A405F402FDCB9282B40
S Landsberger Allee (Berlin);52.528772000000;13.455944000000;01010000002F8507CDAE434A40679DF17D71E92A40
S Lankwitz (Berlin);52.439034000000;13.342760000000;010100000081EA1F4432384A4001C11C3D7EAF2A40
S Lichtenrade (Berlin);52.387676000000;13.396234000000;0101000000D8B8FE5D9F314A406420CF2EDFCA2A40
S Lichterfelde Ost Bhf (Berlin);52.429098000000;13.328078000000;0101000000B763EAAEEC364A40FD12F1D6F9A72A40
S Lichterfelde Sued (Berlin);52.409956000000;13.308662000000;010100000045662E7079344A40310917F2089E2A40
S Lichterfelde West (Berlin);52.443512000000;13.294141000000;010100000018B14F00C5384A4052D32EA699962A40
S Mahlsdorf Bhf (Berlin);52.512118000000;13.611230000000;0101000000B2D826158D414A400DAB7823F3382B40
S Marienfelde (Berlin);52.423816000000;13.375022000000;0101000000C2C2499A3F364A409F8F32E202C02A40
S Marzahn (Berlin);52.543272000000;13.541524000000;0101000000906AD8EF89454A408BFF3BA242152B40
S Mehrower Allee (Berlin);52.557816000000;13.554392000000;0101000000C097C28366474A40FC53AA44D91B2B40
S Messe Nord/ICC (Berlin);52.506454000000;13.283043000000;0101000000D576137CD3404A4034B91803EB902A40
S Messe Sued (Berlin);52.498771000000;13.270450000000;0101000000BB9866BAD73F4A400A68226C788A2A40
S Mexikoplatz (Berlin);52.437166000000;13.232060000000;01010000002976340EF5374A40666B7D91D0762A40
S Nikolassee (Berlin);52.431210000000;13.193298000000;0101000000A5DAA7E331374A40B1C398F4F7622A40
S Nordbahnhof (Berlin);52.531672000000;13.388798000000;01010000007619FED30D444A401B800D8810C72A40
S Nordbahnhof/Gartenstr. (Berlin);52.533360000000;13.387492000000;01010000004E7FF62345444A405BECF65965C62A40
S Noeldnerplatz (Berlin);52.503444000000;13.484297000000;010100000008AF5DDA70404A40111AC1C6F5F72A40
S Noeldnerplatz/Schlichtallee (Berlin);52.502274000000;13.485141000000;0101000000C8D0B1834A404A40C1E5B16664F82A40
S Oberspree (Berlin);52.452269000000;13.538461000000;010100000050FF59F3E3394A40C9570229B1132B40
S Olympiastadion (Berlin);52.511135000000;13.241111000000;0101000000A56B26DF6C414A406669A7E6727B2A40
S Oranienburger Str. (Berlin);52.525161000000;13.393068000000;01010000003C11C47938434A4050357A3540C92A40
S Osdorfer Str. (Berlin);52.418373000000;13.313865000000;0101000000C443183F8D354A40D4B7CCE9B2A02A40
S Ostbahnhof (Berlin);52.510001000000;13.435747000000;0101000000B2F677B647414A4004A9143B1ADF2A40
S Ostkreuz Bhf (Berlin);52.502851000000;13.469093000000;010100000065E1EB6B5D404A40A8902BF52CF02A40
S Pankow-Heinersdorf (Berlin);52.577603000000;13.429090000000;0101000000278925E5EE494A40CF143AAFB1DB2A40
S Pichelsberg (Berlin);52.510264000000;13.227196000000;0101000000BF29AC5450414A406490BB0853742A40
S Plaenterwald (Berlin);52.478722000000;13.474029000000;010100000017F032C3463D4A400FB6D8EDB3F22A40
S Poelchaustr. (Berlin);52.534751000000;13.536008000000;01010000006C4084B872444A40EBC9FCA36F122B40
S Potsdamer Platz Bhf/Vosstr. (Berlin);52.510147000000;13.376656000000;01010000008693347F4C414A4032AF230ED9C02A40
S Prenzlauer Allee (Berlin);52.544802000000;13.427419000000;0101000000CF656A12BC454A40C860C5A9D6DA2A40
S Priesterweg (Berlin);52.459239000000;13.356028000000;01010000001C06F357C83A4A40ABEB504D49B62A40
S Rahnsdorf (Berlin);52.451371000000;13.691655000000;010100000071AE6186C6394A40D23AAA9A20622B40
S Raoul-Wallenberg-Str. (Berlin);52.550749000000;13.548392000000;010100000001A777F17E464A40ACC612D6C6182B40
S Rathaus Steglitz (Berlin);52.455961000000;13.322473000000;010100000030A017EE5C3A4A409FAF592E1BA52A40
S Rummelsburg (Berlin);52.501213000000;13.478699000000;01010000003FAA61BF27404A407D410B0918F52A40
S Savignyplatz (Berlin);52.505223000000;13.319003000000;0101000000F017B325AB404A40DBA6785C54A32A40
S Schichauweg (Berlin);52.398563000000;13.389457000000;0101000000A532C51C04334A4084656CE866C72A40
S Schlachtensee (Berlin);52.439806000000;13.213986000000;0101000000D34A21904B384A408D9AAF928F6D2A40
S Schulzendorf (Berlin);52.613513000000;13.245630000000;0101000000DE550F98874E4A403DD52137C37D2A40
S Schoeneberg (Berlin);52.479811000000;13.352848000000;01010000006AA164726A3D4A4003EB387EA8B42A40
S Schoeneweide Bhf (Berlin);52.454611000000;13.510149000000;010100000070B378B1303A4A40992CEE3F32052B40
S Schoenholz (Berlin);52.571901000000;13.380242000000;01010000005CC64D0D34494A409B215514AFC22A40
S Sonnenallee (Berlin);52.473843000000;13.455986000000;010100000022382EE3A63C4A4022DE3AFF76E92A40
S Sonnenallee/Saalestr. (Berlin);52.472215000000;13.454458000000;01010000001FD7868A713C4A40A7CF0EB8AEE82A40
S Spandau Bhf (Berlin);52.534798000000;13.197477000000;0101000000ADFBC74274444A40A46C91B41B652A40
S Spindlersfeld (Berlin);52.445938000000;13.562701000000;01010000009605137F14394A405EDA70581A202B40
S Springpfuhl (Berlin);52.525806000000;13.536904000000;010100000032056B9C4D434A40E42EC214E5122B40
S Storkower Str. (Berlin);52.524195000000;13.464884000000;010100000005DD5ED218434A4009DE904605EE2A40
S Stresow (Berlin);52.532505000000;13.209130000000;01010000006EFAB31F29444A4097395D16136B2A40
S Sundgauer Str. (Berlin);52.436187000000;13.273501000000;01010000005DF8C1F9D4374A40BAD8B452088C2A40
S Suedende (Berlin);52.448899000000;13.354077000000;0101000000821ABE8575394A4016889E9449B52A40
S Suedkreuz Bhf (Berlin);52.475468000000;13.365579000000;0101000000B325AB22DC3C4A407235B22B2DBB2A40
S Tegel (Berlin);52.588805000000;13.288695000000;0101000000535C55F65D4B4A409609BFD4CF932A40
S Teltow Stadt (Berlin);52.396700000000;13.275600000000;01010000005F29CB10C7324A40228E75711B8D2A40
S Tiergarten (Berlin);52.513959000000;13.336241000000;0101000000103E9468C9414A400F26C5C727AC2A40
S Treptower Park (Berlin);52.493022000000;13.460887000000;0101000000B11A4B581B3F4A40984D8061F9EB2A40
S Waidmannslust (Berlin);52.606814000000;13.320549000000;0101000000A260C614AC4D4A40F0879FFF1EA42A40
S Wannsee Bhf (Berlin);52.421457000000;13.179099000000;0101000000CBD58F4DF2354A401C7E37DDB25B2A40
S Warschauer Str. (Berlin);52.507983000000;13.450546000000;010100000045F6419605414A40EEAF1EF7ADE62A40
S Wartenberg (Berlin);52.573266000000;13.504238000000;010100000051F4C0C760494A4008CDAE7B2B022B40
S Westend (Berlin);52.518610000000;13.284237000000;010100000075B0FECF61424A4055A0168387912A40
S Westkreuz (Berlin);52.501152000000;13.283036000000;01010000009929ADBF25404A406A2E3718EA902A40
S Wilhelmshagen (Berlin);52.438571000000;13.721004000000;0101000000ADFC321823384A400492B06F27712B40
S Wilhelmsruh (Berlin);52.581588000000;13.363284000000;01010000007FDFBF79714A4A40F451465C00BA2A40
S Wollankstr. (Berlin);52.564974000000;13.393150000000;01010000008F8B6A1151484A4045D8F0F44AC92A40
S Wuhlheide (Berlin);52.469058000000;13.553527000000;0101000000ADF6B0170A3C4A40EFE714E4671B2B40
S Zehlendorf (Berlin);52.431209000000;13.259227000000;0101000000D55E44DB31374A40FA7ABE66B9842A40
S+U Alexanderplatz Bhf (Berlin);52.521512000000;13.411267000000;01010000005C3CBCE7C0424A401BD9959691D22A40
S+U Berlin Hauptbahnhof;52.525847000000;13.368924000000;010100000090D959F44E434A40446B459BE3BC2A40
S+U Brandenburger Tor (Berlin);52.516511000000;13.381937000000;01010000001B834E081D424A40C443183F8DC32A40
S+U Bundesplatz (Berlin);52.477366000000;13.329149000000;0101000000761C3F541A3D4A40AF05BD3786A82A40
S+U Frankfurter Allee (Berlin);52.513613000000;13.475300000000;010100000075E61E12BE414A40DE9387855AF32A40
S+U Friedrichstr. Bhf (Berlin);52.520270000000;13.387153000000;0101000000828B153598424A40B91803EB38C62A40
S+U Gesundbrunnen Bhf (Berlin);52.548637000000;13.388372000000;01010000001230BABC39464A403E5DDDB1D8C62A40
S+U Heidelberger Platz (Berlin);52.479446000000;13.311843000000;010100000059198D7C5E3D4A401AF9BCE2A99F2A40
S+U Hermannstr. (Berlin);52.467181000000;13.431704000000;010100000002284696CC3B4A40D21A834E08DD2A40
S+U Hermannstr./Silbersteinstr. (Berlin);52.466432000000;13.431959000000;010100000068E7340BB43B4A40FD6CE4BA29DD2A40
S+U Innsbrucker Platz (Berlin);52.478100000000;13.342875000000;0101000000DA1B7C61323D4A40643BDF4F8DAF2A40
S+U Jannowitzbruecke (Berlin);52.515500000000;13.418027000000;0101000000448B6CE7FB414A40A3B08BA207D62A40
S+U Jungfernheide Bhf (Berlin);52.530431000000;13.300135000000;01010000006DE4BA29E5434A4019C5724BAB992A40
S+U Karl-Bonhoeffer-Nervenklinik (Berlin);52.578169000000;13.332921000000;0101000000D0471971014A4A40A14D0E9F74AA2A40
S+U Lichtenberg Bhf (Berlin);52.510754000000;13.498228000000;01010000008D26176360414A4029E78BBD17FF2A40
S+U Lichtenberg Bhf/Gudrunstr. (Berlin);52.512367000000;13.500065000000;01010000005A46EA3D95414A409CBF098508002B40
S+U Lichtenberg Bhf/Siegfriedstr. (Berlin);52.512315000000;13.497750000000;01010000000820B58993414A40022B8716D9FE2A40
S+U Neukoelln (Berlin);52.469282000000;13.443692000000;0101000000FD4CBD6E113C4A4061FE0A992BE32A40
S+U Pankow (Berlin);52.567281000000;13.412279000000;01010000003352EFA99C484A40B9A7AB3B16D32A40
S+U Potsdamer Platz Bhf (Berlin);52.509340000000;13.376454000000;0101000000B745990D32414A4093E52494BEC02A40
S+U Rathaus Spandau (Berlin);52.535798000000;13.199891000000;010100000090A1630795444A408B87F71C58662A40
S+U Rathaus Steglitz (Berlin);52.455066000000;13.322152000000;0101000000C2C2499A3F3A4A4097AE601BF1A42A40
S+U Rathaus Steglitz/Kreisel (Berlin);52.455889000000;13.320852000000;010100000096CD1C925A3A4A405FB69DB646A42A40
S+U Schoenhauser Allee (Berlin);52.549336000000;13.415138000000;0101000000FA415DA450464A4059A7CAF78CD42A40
S+U Tempelhof (Berlin);52.470694000000;13.385754000000;0101000000333674B33F3C4A40359A5C8C81C52A40
S+U Warschauer Str. (Berlin);52.505765000000;13.449159000000;0101000000103B53E8BC404A407B681F2BF8E52A40
S+U Wedding (Berlin);52.542732000000;13.366060000000;0101000000103FFF3D78454A405DBF60376CBB2A40
S+U Westhafen (Berlin);52.536183000000;13.343837000000;0101000000E9D500A5A1444A403C4F3C670BB02A40
S+U Wittenau (Berlin);52.596392000000;13.335481000000;01010000004BCCB392564C4A40D7DB662AC4AB2A40
S+U Wuhletal (Berlin);52.512724000000;13.574536000000;0101000000E9EFA5F0A0414A40D3BF249529262B40
S+U Yorckstr. (Berlin);52.492766000000;13.370429000000;0101000000564ACFF4123F4A40DFFAB0DEA8BD2A40
S+U Zoologischer Garten Bhf (Berlin);52.506921000000;13.332707000000;0101000000EB538EC9E2404A40F04C689258AA2A40
U Adenauerplatz (Berlin);52.500086000000;13.307348000000;0101000000FF976BD102404A4065FB90B75C9D2A40
U Afrikanische Str. (Berlin);52.560862000000;13.333502000000;0101000000DAC87553CA474A401A4D2EC6C0AA2A40
U Alt-Mariendorf (Berlin);52.439641000000;13.387456000000;0101000000897D022846384A40284701A260C62A40
U Alt-Tegel (Berlin);52.589649000000;13.283821000000;01010000003F8F519E794B4A4006D671FC50912A40
U Alt-Tempelhof (Berlin);52.465930000000;13.385796000000;0101000000D61C2098A33B4A40F0DAA50D87C52A40
U Altstadt Spandau (Berlin);52.539161000000;13.206763000000;0101000000AB23473A03454A40B30B06D7DC692A40
U Amrumer Str. (Berlin);52.542202000000;13.349534000000;0101000000B4E908E066454A401DAED51EF6B22A40
U Augsburger Str. (Berlin);52.500557000000;13.336771000000;01010000005664744012404A40817B9E3F6DAC2A40
U Bayerischer Platz (Berlin);52.488654000000;13.340237000000;0101000000A087DA368C3E4A403FC7478B33AE2A40
U Berliner Str. (Berlin);52.487047000000;13.331355000000;0101000000B54E5C8E573E4A406FBBD05CA7A92A40
U Bernauer Str. (Berlin);52.537994000000;13.396231000000;0101000000DCB8C5FCDC444A40A05225CADECA2A40
U Biesdorf-Sued (Berlin);52.499517000000;13.547326000000;0101000000E4654D2CF03F4A4041800C1D3B182B40
U Birkenstr. (Berlin);52.532229000000;13.341417000000;0101000000CC7D721420444A40CC988235CEAE2A40
U Bismarckstr. (Berlin);52.511543000000;13.305335000000;0101000000B6BFB33D7A414A40F8A57EDE549C2A40
U Blaschkoallee (Berlin);52.452743000000;13.448976000000;0101000000183F8D7BF3394A40B760A92EE0E52A40
U Blissestr. (Berlin);52.486478000000;13.320545000000;01010000009B1C3EE9443E4A40EACA67791EA42A40
U Blissestr./Uhlandstr. (Berlin);52.486478000000;13.322487000000;01010000009B1C3EE9443E4A4033C51C041DA52A40
U Boddinstr. (Berlin);52.479745000000;13.425782000000;0101000000B3B5BE48683D4A4071732A1900DA2A40
U Borsigwerke (Berlin);52.582139000000;13.290122000000;0101000000F25CDF87834A4A4042B3EBDE8A942A40
U Breitenbachplatz (Berlin);52.467342000000;13.309276000000;01010000000C06D7DCD13B4A401AE0826C599E2A40
U Britz-Sued (Berlin);52.437076000000;13.447668000000;0101000000E9EE3A1BF2374A4074EE76BD34E52A40
U Bundestag (Berlin);52.519908000000;13.373454000000;0101000000E27668588C424A40EB1ED95C35BF2A40
U Buelowstr. (Berlin);52.497627000000;13.362456000000;0101000000A54DD53DB23F4A405B7A34D593B92A40
U Cottbusser Platz (Berlin);52.533963000000;13.596894000000;010100000014234BE658444A40755B22179C312B40
U Dahlem-Dorf (Berlin);52.457695000000;13.290011000000;01010000007845F0BF953A4A40E4F560527C942A40
U Deutsche Oper (Berlin);52.511827000000;13.309420000000;0101000000DA1A118C83414A40E674594C6C9E2A40
U Eberswalder Str. (Berlin);52.541022000000;13.412154000000;010100000050357A3540454A40C7D45DD905D32A40
U Eberswalder Str./Pappelallee (Berlin);52.541498000000;13.412833000000;0101000000B96C74CE4F454A404C6BD3D85ED32A40
U Eisenacher Str. (Berlin);52.489477000000;13.350284000000;01010000007592AD2EA73E4A40C79FA86C58B32A40
U Elsterwerdaer Platz (Berlin);52.504643000000;13.560762000000;0101000000E2934E2498404A40DAAD65321C1F2B40
U Ernst-Reuter-Platz (Berlin);52.511582000000;13.322581000000;0101000000739CDB847B414A40389F3A5629A52A40
U Fehrbelliner Platz (Berlin);52.490201000000;13.314519000000;0101000000B6BB07E8BE3E4A40F6F065A208A12A40
U Frankfurter Tor (Berlin);52.515772000000;13.454085000000;0101000000A41820D104424A40543541D47DE82A40
U Franz-Neumann-Platz (Berlin);52.563854000000;13.364283000000;010100000001DC2C5E2C484A4040FA264D83BA2A40
U Franzoesische Str. (Berlin);52.514770000000;13.389208000000;0101000000207BBDFBE3414A40E2AE5E4546C72A40
U Freie Universitaet (Thielplatz) (Berlin);52.451000000000;13.281651000000;01010000007D3F355EBA394A407AC5538F34902A40
U Friedrich-Wilhelm-Platz (Berlin);52.471439000000;13.328676000000;01010000008B87F71C583C4A40CFF57D3848A82A40
U Friedrichsfelde (Berlin);52.505464000000;13.513544000000;010100000016A75A0BB3404A40321D3A3DEF062B40
U Gleisdreieck (Berlin);52.499587000000;13.374293000000;0101000000DD408177F23F4A40533E0455A3BF2A40
U Gneisenaustr. (Berlin);52.491252000000;13.395382000000;01010000001C0C7558E13E4A40A9DA6E826FCA2A40
U Grenzallee (Berlin);52.463516000000;13.444828000000;01010000001C96067E543B4A40AFB0E07EC0E32A40
U Goerlitzer Bahnhof (Berlin);52.499035000000;13.428468000000;01010000009947FE60E03F4A40DBC35E2860DB2A40
U Guentzelstr. (Berlin);52.491992000000;13.331210000000;010100000063F20698F93E4A4061376C5B94A92A40
U Halemweg (Berlin);52.536703000000;13.286578000000;0101000000225514AFB2444A409581035ABA922A40
U Hallesches Tor (Berlin);52.497774000000;13.391760000000;01010000004966F50EB73F4A400DC347C494C82A40
U Hansaplatz (Berlin);52.518111000000;13.342165000000;01010000005359147651424A40F3AB394030AF2A40
U Haselhorst (Berlin);52.538718000000;13.232309000000;01010000001EE21FB6F4444A4008228B34F1762A40
U Hausvogteiplatz (Berlin);52.513361000000;13.395346000000;01010000005C0531D0B5414A40763579CA6ACA2A40
U Heinrich-Heine-Str. (Berlin);52.510858000000;13.416169000000;0101000000327381CB63414A40D237691A14D52A40
U Hellersdorf (Berlin);52.535946000000;13.605794000000;01010000000536E7E099444A40DE3994A12A362B40
U Hermannplatz (Berlin);52.486957000000;13.424720000000;010100000075C7629B543E4A400CEA5BE674D92A40
U Hohenzollernplatz (Berlin);52.493833000000;13.324051000000;0101000000C15774EB353F4A40E2783E03EAA52A40
U Holzhauser Str. (Berlin);52.576252000000;13.295083000000;0101000000962023A0C2494A400D36751E15972A40
U Hoenow (Berlin);52.538105000000;13.634541000000;01010000003468E89FE0444A4039F1D58EE2442B40
U Jakob-Kaiser-Platz (Berlin);52.536985000000;13.293661000000;0101000000A6B8AAECBB444A40A8380EBC5A962A40
U Johannisthaler Chaussee (Berlin);52.429253000000;13.453851000000;0101000000DE5A26C3F1364A40888384285FE82A40
U Kaiserdamm (Berlin);52.509985000000;13.281695000000;0101000000AC39403047414A40B8E4B8533A902A40
U Kaiserin-Augusta-Str. (Berlin);52.460512000000;13.384905000000;010100000031B5A50EF23A4A403E22A64412C52A40
U Karl-Marx-Str. (Berlin);52.476429000000;13.439805000000;0101000000D9EE1EA0FB3C4A400C3CF71E2EE12A40
U Kaulsdorf-Nord (Berlin);52.521436000000;13.588763000000;0101000000817A336ABE424A4090300C58722D2B40
U Kienberg (Berlin);52.527349000000;13.589345000000;0101000000064A0A2C80434A404B1FBAA0BE2D2B40
U Kleistpark (Berlin);52.490845000000;13.360917000000;0101000000DB334B02D43E4A401024EF1CCAB82A40
U Klosterstr. (Berlin);52.517229000000;13.412455000000;01010000007AC5538F34424A40B324404D2DD32A40
U Kochstr./Checkpoint Charlie (Berlin);52.506673000000;13.390863000000;010100000013622EA9DA404A40D26EF4311FC82A40
U Konstanzer Str. (Berlin);52.493567000000;13.310084000000;010100000042B115342D3F4A4096067E54C39E2A40
U Kottbusser Tor (Berlin);52.499047000000;13.417748000000;01010000005D15A8C5E03F4A4056F0DB10E3D52A40
U Krumme Lanke (Berlin);52.442615000000;13.240360000000;01010000000ADCBA9BA7384A407B884677107B2A40
U Kurfuerstendamm (Berlin);52.503763000000;13.331419000000;0101000000A9F7544E7B404A40CA8B4CC0AFA92A40
U Kurfuerstenstr. (Berlin);52.499778000000;13.362857000000;010100000051A1BAB9F83F4A40D53F8864C8B92A40
U Kurt-Schumacher-Platz (Berlin);52.563483000000;13.327328000000;01010000000D6D003620484A4053211E8997A72A40
U Leinestr. (Berlin);52.472874000000;13.428400000000;010100000079909E22873C4A407A36AB3E57DB2A40
U Leopoldplatz (Berlin);52.546493000000;13.359395000000;0101000000183F8D7BF3454A401CB1169F02B82A40
U Lindauer Allee (Berlin);52.575394000000;13.339047000000;01010000004628B682A6494A40249D819197AD2A40
U Lipschitzallee (Berlin);52.424645000000;13.463109000000;010100000078B471C45A364A406EF7729F1CED2A40
U Louis-Lewin-Str. (Berlin);52.539135000000;13.619707000000;010100000082902C6002454A405D34643C4A3D2B40
U Magdalenenstr. (Berlin);52.512214000000;13.489439000000;0101000000D446753A90414A401EC6A4BF97FA2A40
U Mehringdamm (Berlin);52.493567000000;13.388140000000;010100000042B115342D3F4A40F4893C49BAC62A40
U Mendelssohn-Bartholdy-Park (Berlin);52.503806000000;13.374719000000;0101000000A8C30AB77C404A403161342BDBBF2A40
U Mierendorffplatz (Berlin);52.525978000000;13.305715000000;01010000002F35423F53434A4014CB2DAD869C2A40
U Mohrenstr. (Berlin);52.511519000000;13.383798000000;01010000002D24607479414A40598AE42B81C42A40
U Moritzplatz (Berlin);52.503739000000;13.410947000000;0101000000215C01857A404A4054C72AA567D22A40
U Maerkisches Museum (Berlin);52.512007000000;13.408767000000;01010000005A29047289414A40395E81E849D12A40
U Maerkisches Museum/Inselstr. (Berlin);52.512353000000;13.412093000000;0101000000F58079C894414A4031D28BDAFDD22A40
U Moeckernbruecke (Berlin);52.498944000000;13.383256000000;01010000008944A165DD3F4A40D6FD63213AC42A40
U Naturkundemuseum (Berlin);52.531254000000;13.382415000000;010100000041EF8D2100444A40EBFF1CE6CBC32A40
U Nauener Platz (Berlin);52.551524000000;13.367365000000;0101000000C47AA35698464A40DC63E94317BC2A40
U Neu-Westend (Berlin);52.516409000000;13.259910000000;0101000000172EABB019424A4085CE6BEC12852A40
U Nollendorfplatz (Berlin);52.499644000000;13.353825000000;010100000042D2A755F43F4A40B003E78C28B52A40
U Olympia-Stadion (Berlin);52.517048000000;13.250500000000;01010000002A3BFDA02E424A40C74B378941802A40
U Onkel Toms Huette (Berlin);52.450146000000;13.254016000000;01010000006D3656629E394A404C5299620E822A40
U Oranienburger Tor (Berlin);52.525163000000;13.387587000000;0101000000DD088B8A38434A40A2B5A2CD71C62A40
U Oskar-Helene-Heim (Berlin);52.450419000000;13.268910000000;01010000009E3F6D54A7394A407D224F92AE892A40
U Osloer Str. (Berlin);52.557107000000;13.373279000000;0101000000B4AF3C484F474A403291D26C1EBF2A40
U Osloer Str./Tromsoeer Str. (Berlin);52.558016000000;13.372492000000;010100000087527B116D474A40130B7C45B7BE2A40
U Otisstr. (Berlin);52.571122000000;13.303074000000;0101000000580394861A494A402B89EC832C9B2A40
U Pankstr. (Berlin);52.552255000000;13.381837000000;0101000000B806B64AB0464A4036CEA62380C32A40
U Paracelsus-Bad (Berlin);52.574534000000;13.347532000000;0101000000543882548A494A407FA0DCB6EFB12A40
U Paradestr. (Berlin);52.478142000000;13.386725000000;0101000000096CCEC1333D4A405917B7D100C62A40
U Parchimer Allee (Berlin);52.445299000000;13.449967000000;010100000083F8C08EFF384A40F78E1A1362E62A40
U Paulsternstr. (Berlin);52.538098000000;13.248593000000;010100000081053065E0444A407007EA94477F2A40
U Platz der Luftbruecke (Berlin);52.485669000000;13.387799000000;01010000002CD7DB662A3E4A40CFD72C978DC62A40
U Podbielskiallee (Berlin);52.464172000000;13.295203000000;010100000005DCF3FC693B4A40B85CFDD824972A40
U Prinzenstr. (Berlin);52.498274000000;13.406531000000;01010000003B394371C73F4A40CF9ECBD424D02A40
U Rathaus Neukoelln (Berlin);52.481146000000;13.434807000000;0101000000F54C2F31963D4A40CC24EA059FDE2A40
U Rathaus Reinickendorf (Berlin);52.588218000000;13.325568000000;0101000000927538BA4A4B4A408E3F51D9B0A62A40
U Rathaus Schoeneberg (Berlin);52.483332000000;13.341989000000;01010000001D8EAED2DD3D4A40F92EA52E19AF2A40
U Rehberge (Berlin);52.556670000000;13.341013000000;010100000008556AF640474A408E05854199AE2A40
U Reinickendorfer Str. (Berlin);52.539895000000;13.370393000000;0101000000102384471B454A40AC55BB26A4BD2A40
U Reinickendorfer Str./Fennstr. (Berlin);52.541524000000;13.369412000000;0101000000E3FF8EA850454A40FA7FD59123BD2A40
U Residenzstr. (Berlin);52.570843000000;13.360635000000;01010000004513286211494A40FF959526A5B82A40
U Richard-Wagner-Platz (Berlin);52.517154000000;13.307221000000;01010000006F7F2E1A32424A40F14927124C9D2A40
U Rohrdamm (Berlin);52.536904000000;13.262870000000;0101000000B98B3045B9444A40F4328AE596862A40
U Rosa-Luxemburg-Platz (Berlin);52.528191000000;13.410405000000;010100000051853FC39B434A40D23AAA9A20D22A40
U Rosenthaler Platz (Berlin);52.529781000000;13.401393000000;0101000000668522DDCF434A40C9AF1F6283CD2A40
U Rudow (Berlin);52.415714000000;13.496527000000;0101000000A33EC91D36354A40782975C938FE2A40
U Ruhleben (Berlin);52.525587000000;13.241902000000;0101000000F419506F46434A408AAC3594DA7B2A40
U Ruedesheimer Platz (Berlin);52.472462000000;13.314387000000;0101000000274D83A2793C4A403A933655F7A02A40
U Samariterstr. (Berlin);52.514662000000;13.465347000000;01010000003A3FC571E0414A405B9544F641EE2A40
U Scharnweberstr. (Berlin);52.567111000000;13.311524000000;0101000000D619DF1797484A4095D6DF12809F2A40
U Schillingstr. (Berlin);52.520316000000;13.421895000000;0101000000F3CAF5B699424A401CB1169F02D82A40
U Schlesisches Tor (Berlin);52.501147000000;13.441791000000;010100000088BEBB9525404A409355116E32E22A40
U Schlosstr. (Berlin);52.461183000000;13.324836000000;01010000004F3C670B083B4A407D2079E750A62A40
U Schwartzkopffstr. (Berlin);52.535397000000;13.377033000000;010100000032B08EE387444A408A0629780AC12A40
U Schoenleinstr. (Berlin);52.493179000000;13.422241000000;010100000078094E7D203F4A40880FECF82FD82A40
U Seestr. (Berlin);52.550470000000;13.351969000000;0101000000EDB60BCD75464A406269E04735B42A40
U Senefelderplatz (Berlin);52.532622000000;13.412625000000;0101000000A8902BF52C444A402506819543D32A40
U Siemensdamm (Berlin);52.537026000000;13.273323000000;0101000000048D9944BD444A403D7D04FEF08B2A40
U Sophie-Charlotte-Platz (Berlin);52.510970000000;13.297463000000;01010000005A9E077767414A40448A01124D982A40
U Spichernstr. (Berlin);52.496582000000;13.330613000000;010100000021E4BCFF8F3F4A40D0436D1B46A92A40
U Spittelmarkt (Berlin);52.511301000000;13.402352000000;0101000000C0B4A84F72414A40DCF5D21401CE2A40
U Stadtmitte (Berlin);52.511495000000;13.389719000000;0101000000A4880CAB78414A407842AF3F89C72A40
U Strausberger Platz (Berlin);52.518025000000;13.432208000000;010100000055C1A8A44E424A409E23F25D4ADD2A40
U Suedstern (Berlin);52.489219000000;13.407685000000;010100000079CA6ABA9E3E4A40B8239C16BCD02A40
U Tempelhof/Ringbahnstr. (Berlin);52.468806000000;13.385842000000;01010000009415C3D5013C4A40B2D826158DC52A40
U Theodor-Heuss-Platz (Berlin);52.509798000000;13.272977000000;01010000007AC8940F41414A40D11E2FA4C38B2A40
U Tierpark (Berlin);52.497236000000;13.523626000000;01010000006A32E36DA53F4A40ACAB02B5180C2B40
U Turmstr. (Berlin);52.525938000000;13.341417000000;0101000000A0DCB6EF51434A40CC988235CEAE2A40
U Uhlandstr. (Berlin);52.502742000000;13.326233000000;0101000000AE2990D959404A407FC0030308A72A40
U Ullsteinstr. (Berlin);52.453450000000;13.384771000000;0101000000832F4CA60A3A4A4000E65AB400C52A40
U Viktoria-Luise-Platz (Berlin);52.496169000000;13.343264000000;0101000000FF243E77823F4A40CDC98B4CC0AF2A40
U Vinetastr. (Berlin);52.559517000000;13.413770000000;01010000002C47C8409E474A40C02154A9D9D32A40
U Voltastr. (Berlin);52.541930000000;13.393157000000;0101000000535C55F65D454A400F63D2DF4BC92A40
U Walther-Schreiber-Platz (Berlin);52.464998000000;13.328409000000;01010000004B5AF10D853B4A40946C753925A82A40
U Weberwiese (Berlin);52.516848000000;13.443278000000;01010000006380441328424A4094128255F5E22A40
U Weinmeisterstr. (Berlin);52.525376000000;13.405305000000;0101000000390D51853F434A4081CF0F2384CF2A40
U Westphalweg (Berlin);52.445801000000;13.385561000000;010100000016C3D50110394A40E2395B4068C52A40
U Wilmersdorfer Str. (Berlin);52.506415000000;13.306774000000;0101000000179AEB34D2404A40B686527B119D2A40
U Wilmersdorfer Str./Kantstr. (Berlin);52.506641000000;13.307056000000;010100000008E8BE9CD9404A40C614AC71369D2A40
U Wilmersdorfer Str./S Charlottenburg (Berlin);52.505693000000;13.306026000000;01010000007768588CBA404A408E739B70AF9C2A40
U Wittenbergplatz (Berlin);52.502109000000;13.342561000000;01010000007D03931B45404A4026C5C72764AF2A40
U Wutzkyallee (Berlin);52.423152000000;13.474820000000;0101000000569E40D829364A4033F9669B1BF32A40
U Zitadelle (Berlin);52.537522000000;13.217625000000;0101000000B5705985CD444A408195438B6C6F2A40
U Zwickauer Damm (Berlin);52.423032000000;13.484371000000;0101000000AB949EE925364A40FA42C879FFF72A40
